text,label,notes
"The Belgian team is a total disgrace year after year",hot_take,""
"Belgium should have not been in pot1. The only reason they are ranked so high is because they get easy qualification group.",hot_take,""
"Watching them play is miserable, you'd have to be a fool to see them live",hot_take,""
"I just feel so bad for their fans. You can tell those fans love the sport and would love to see a winner with the sunset rapidly approaching on this golden generation of theirs. On second thought that sunset hasnt rapidly approached. Its basically night time now. The golden gen is done.",reaction,""
"If World Cup teams were Lord of the Rings characters, Belgium is definitely old Bilbo. Not old-ish Bilbo. OLD Bilbo",reaction,""
"Iran vs USA round of 16 would be jokes.",hot_take,""
"I'm sorry, but all these first time this country has just arent impressive when 90% of the world makes the World Cup now",hot_take,""
"Its actually 22.75% of all FIFA members that qualify",analysis,"stat-backed correction of a claim"
"Belgium is a retirement home disguised as a football team. Their federation needs to bench every player on the pitch today and start over from scratch with youngsters cause this team is ass",hot_take,""
"This group G is so trash holy shit. They cant even win a single game",reaction,""
"Group G is undefeated",reaction,"witty observation on all-draws group"
"lukaku what was missing this match - lukaku: we played with too much emotion. I shit you not what hes telling Belgian reporters in French right now. I cant.",reaction,""
"Well deserved player of the match for the Iranian goalkeeper.",reaction,""
"He is the only reason they remained tied today if that counts for anything",reaction,""
"Is Courtois still considered top level goalie? He is probably the only reason they remained tied today",analysis,"brief tactical assessment with implicit evidence"
"Belgium 70% possession 7 shots on goal 1.81 xG vs Iran 30% possession 3 shots 0.63 xG and still a 0-0. The stats tell the whole story of Belgian impotence up front.",analysis,"stat-backed argument"
"Does Belgium have any good strikers at all? Any that can score over 10 in a season?",hot_take,"rhetorical but asserting Belgium lack quality"
"Oh apparently the crying kid was KDBs son",reaction,""
"Imo I am shocked by Kevin de Bruyns age holy crap he looks like he went from 25 last world cup to 37",reaction,""
"They should have at least provided free stadium beer for this scam of a match",reaction,""
"While he was in charge, I genuinely do believe Celje could have beaten us. So I guess he is right.",reaction,"self-deprecating reaction to the quote"
"4 wins out of 14 games, worst point average by an Eintracht coach since 2016",analysis,"specific verifiable stat backing a claim"
"He comes across as such a pretentious wanker",reaction,"pure emotional character assessment"
"Why couldn't he figure out how to beat them if they all play the same?",hot_take,"rhetorical argument exposing logical inconsistency — no supporting data"
"talking shit about the team and league you couldn't make it in",reaction,"immediate dismissive reaction"
"Bayern Munich is of course in a world of its own and Borussia Dortmund can somewhat keep up with its budget. Then there are surprises like Stuttgart but the rest was disappointing to me. The teams in the bottom third all play in the exact same way.",hot_take,"bold league quality claim stated without evidence"
"Want to compete in Europe - maybe he shouldn't have fumbled Europe with Frankfurt then",reaction,"immediate sarcastic reaction to the quote"
"So despite playing against the same opponent every week you still couldn't make it work? Sounds more like a negative about YOU than those teams.",hot_take,"bold counter-argument but no data"
"Says the man who won just 4 out of 14 Bundesliga games in charge of Frankfurt",analysis,"stat used to directly rebut a claim"
"I think people were excited even after the first game with like 75% possession and 0.1 xG or something like that.",analysis,"references specific match stats to support argument"
"Biggest clown I have ever witnessed coaching a Bundesliga team",hot_take,"superlative opinion with no evidence"
"This guy will go nowhere as a coach, he is so arrogant but has nothing to back it up.",hot_take,"bold prediction stated without evidence"
"Bold words for someone that drew St Pauli and barely beat Wolfsburg and Heidenheim. His Frankfurt side got outplayed by Wolfsburg and St Pauli.",analysis,"specific results cited to rebut Riera's claims"
"The fucking hilarity of saying this while actually performing like shit. Its literally only a self-inflicted wound.",reaction,"emotional reaction to logical contradiction"
"So the league is shit and easy yet he failed like barely anyone has failed before in the Bundesliga. What does that say about him?",hot_take,"rhetorical challenge with no supporting stats"
"Grown man acting like a child",reaction,"brief emotional dismissal"
"It would be one thing if this man came in and dominated. Instead he showed up soiled himself and fucked off.",reaction,"colorful emotional reaction"
"I watched a few games and its basically just kick and run football lump the ball up to the big guy or try to get crosses in",hot_take,"tactical characterization stated as fact without evidence"
"Well that is completely wrong. You clearly have not watched.",reaction,"dismissive reaction to a claim"
"Temu-Mourinho",reaction,"witty one-liner reaction"
"Eloy Room recorded 15 saves against Ecuador the most on record since 1966 by any goalkeeper in a FIFA World Cup match that did not feature extra-time.",analysis,"core stat claim - the post itself"
"That is genuinely insane when you think about it!",reaction,""
"Unquestioned MOTM after the 7-1 to Germany what a turnaround!",reaction,"references specific prior result"
"2.48 xGoT prevented per FotMob. This proves it was his performance not Ecuador's bad shots.",analysis,"xGoT stat used to make a specific argument"
"He saved 2.24 xGoT I believe. Which is mightily impressive.",analysis,"specific advanced stat cited"
"Tim Howard had 16 vs Belgium 2014 but that went to extra time. Ecuador broke the record for most shots on target without scoring from the Netherlands who took 13 shots on target in the World Cup 1978 vs Peru a game that also ended 0-0.",analysis,"multiple historical records cited with context"
"Juninho and Leandro Bacuna become the FIRST BROTHERS YELLOW CARDED in the same match in the entire history of the World Cup.",analysis,"specific verifiable historical record"
"Germany now has the single-most remontadas in World Cup History: 16 Germany 15 Brazil 6 Uruguay Sweden Italy Spain France Netherlands.",analysis,"ranked stat with full comparison table"
"After 2 games Deniz Undav already tied the record for most G+A as a sub in a World Cup tournament: 5 like Roger Milla 1990.",analysis,"specific record with historical comparison"
"Manuel Neuer became only the 6th goalkeeper in WC history to concede a goal in 8 consecutive games.",analysis,"specific historical record with named predecessors"
"Sweden is the first nation to both score and concede at least 5 goals in two different matches of a World Cup edition since Denmark in 1986.",analysis,"specific historical comparison with context"
"Going from allowing 7 goals to almost breaking the saves record might be the single biggest turnaround in WC history",hot_take,"bold superlative claim without supporting evidence"
"Arguably one of the best goalkeeping performances of all time being put up by a 37 year old from the US Second division was not on my bingo card",reaction,"surprised emotional reaction"
"Ecuador are so unbelievably sterile and wasteful up front I do not see how they beat Germany with an attack like this.",hot_take,"bold predictive claim without tactical evidence"
"Props to him but he only made 2-3 good saves Ecuadors finishing was dire",hot_take,"counter-claim minimizing the performance without stats"
"In the Germany game he faced 26 shots 11 on target so 4 saves. Mentality.",analysis,"specific match stats cited"
"Curaçao won their first Gold Cup game back in 2019 they beat Honduras 1-0 with the very same Eloy Room also doing 15 saves.",analysis,"specific historical result with verifiable stat"
"Dude said never again.",reaction,"short emotional reaction to the turnaround story"
"Build the statue right now",reaction,"hyperbolic celebratory reaction"
"What a performance from him take a bow",reaction,""
"Man I just love the World Cup and things like these. He will be such a national hero!",reaction,""
"He stood on his head. What a man.",reaction,""
"Room left Ecuador in Shambles.",reaction,"pun-based reaction"
"Ecuador lacked the ability to read the Room",reaction,"pun-based reaction"
"Many people don't understand anything about football. They watch it but they don't understand it. I hear people say I don't play through balls but that's not true. They're simply not paying attention to the game.",hot_take,"assertion of authority without data - our original hard case"
"r/soccer catching strays",reaction,"witty meta reaction to the quote"
"I mean he has a point we mostly discuss bad passes and missed goals because 99% of the subreddit wouldn't be able to read more tactical choices.",analysis,"self-aware argument about fan discourse with reasoning"
"If you're picking on Frenkie out of all the Dutch players you got your priorities very backwards",hot_take,"bold opinion stated without supporting evidence"
"He does have a wide passing range but he doesn't spam long passes or through balls especially when he plays as a 6. He focuses more on retention short passes and passing it into space for the other player to progress the ball.",analysis,"specific tactical description of a player's role"
"If Frenkie has a million fans then I am one of them. If the world is against Frenkie then I am against the world.",reaction,"hyperbolic fan loyalty reaction"
"He's exceptional but not flashy. He doesn't score much doesn't assist much doesn't do any flashy moves. He's just always available to pass the ball to he rarely loses possession and he's really good at controlling the tempo of the game.",analysis,"structured tactical assessment of a player's value"
"The way you judge FDJ's playing style can tell a lot about your ball knowledge. This guy is insane.",hot_take,"bold claim stated without evidence"
"I don't watch Barcelona games but when I tune into Dutch matches I always notice Frenkie. Always available doesn't lose the ball nimble and glides across the pitch makes the right decision.",analysis,"observation-based tactical assessment"
"He's right. And about 95% of these people write regularly on r/soccer",hot_take,"bold unsubstantiated claim about the community"
"He has been fantastic so far together with Gravenberch. Just because we don't have a Sneijder type player anymore some of our pundits blame these two for not being creative enough.",hot_take,"opinion on punditry quality without evidence"
"I think it is because of that stats list that kicked up controversy. It showed that de Jong almost never loses the ball but most of his passes were sideways. They completely ignored the context though - de Jong was that player who had the ball while being pressed passing his way out of it while keeping possession is literally the priority.",analysis,"references specific stats and explains tactical context"
"De Jong actually plays a lot of progressive passes. If someone actually thinks he is not a good player you should probably disregard their footballing input.",hot_take,"bold dismissive claim"
"His best quality is he makes the team really hard to press. He hangs onto the ball for long periods. Teams block passing lanes so they can spring a press when the ball goes out wide. Frenkie will stroll across the pitch or shift the ball back and forth to open up better passing options.",analysis,"detailed tactical explanation of press resistance"
"If you give Frenkie the ball he never loses it and always passes it to the right color. People underestimate how valuable it is to have a central player that can always receive the ball in any kind of pressure. He can break any press on his own.",analysis,"tactical argument about press-breaking value"
"We can literally access the pass maps after the game. This just sounds like a player being bitter that they have gotten found out to be a side pass merchant.",hot_take,"counter-claim dismissing de Jong with no data provided"
"Yesterday I was watching Hiddink after the game on Dutch television. They could only find 1 example where he didn't play the ball back or sideways. De Jong is a great player but in Orange he typically just plays it safe and slows the play. He should bring more.",analysis,"references specific broadcast analysis to support argument"
"The average soccer fans understanding of modern tactics begins and ends with they need to run more and most of them struggle to even grasp basic rules.",hot_take,"bold sweeping claim about fan intelligence"
"Frenkie is great at ball retention but I think he also takes it too far sometimes. He still needs to improve his passing range.",hot_take,"mixed opinion stated without supporting stats"
"Before the tournament they were dog shit eliminated in the group stage. After one good game we worden wereldkampioen. For a country where nuchterheid is a virtue we have absolutely no self control.",reaction,"frustrated meta-reaction to fan inconsistency"
"When you hear Frenkie talk about football he is 100% going to be a manager when he retires.",hot_take,"bold prediction with no evidence"
"Sweden elected to play 2 forwards that suck at defending and then moaned the midfield struggled. If your strikers don't press then the midfield is simply overloaded and easy to play through.",analysis,"specific tactical argument about press structure"
"I watched him play in person yesterday and loved every second of it. He is a joy to watch and clearly has higher soccer IQ than most on the pitch.",reaction,"personal match attendance reaction"
"His quote in Dutch is even better - mensen kijken voetbal maar ze zien het niet - which translates to people watch football but they don't see it. Very Cruijff-esque",reaction,"appreciative reaction to quote with cultural reference"
"Belgium had 23 shots vs IR Iran their most without scoring in a FIFA World Cup game since 1994 vs Saudi Arabia with 28. Their players have fired in 69 shots at the finals since a Belgium player last got on the scoresheet against Canada in 2022.",analysis,"core stat post - multiple verifiable records"
"Honestly it is insane that their last goal was against us. That was the first match of last World Cup.",reaction,"surprised personal reaction with historical reference"
"Turkey is out. Pretty sure Belgium will go on in this tournament. A third draw will be enough.",hot_take,"prediction stated confidently without analysis of scenarios"
"They have the least goals scored and the worst fair play points. New Zealand is a must win for them.",analysis,"specific table stats used to make a concrete argument"
"None of the Belgian players seem capable of shooting without first settling the ball. It gave Iran's defense time to get in front. So many blocks and deflections from that defense.",analysis,"tactical observation about shooting patterns and defensive response"
"Lukaku played like a pensioner",reaction,"sharp dismissive reaction"
"I like KDB but it is clear football left him. He either takes too much time or misses passes he used to do with his eyes closed. Just a bad mix of physical and confidence decline. For the sake of the team I feel like he should get benched.",analysis,"structured argument about player decline with reasoning"
"Belgium have been a disgrace the last 10 years. Golden generation and can't do anything. Hope they go out in groups.",hot_take,"bold sweeping claim with no evidence"
"It would take a truly spectacular level of shit football to beat this match out for worst of the tournament.",reaction,"hyperbolic frustrated reaction"
"Many older Belgians saw this coming. It was such a great setup for a typical old school Belgian shitshow. Everyone believes we will beat New Zealand so there was no sense of urgency.",reaction,"knowing reaction from a fan with historical context"
"Getting third on the World Cup in 2018 was easily the best team we ever had and the best result we ever had. We are a very small country with historically very little football successes.",analysis,"historical context used to reframe expectations"
"It shows the age of a lot of people on here that our Golden Generation has everyone believing that we are this big football giant.",hot_take,"meta observation about fan perception stated as fact"
"Outside of De Bruyne and Doku Belgium don't have anyone who can break down a low block and even that depends on them being available and in form.",analysis,"specific tactical diagnosis naming key players"
"Their coach still doesn't have a starting 11 and almost all their young talented players are on the bench or at home.",hot_take,"critical claim about team selection without tactical detail"
"This World Cup has tons of goals way more on average than previous ones.",analysis,"factual counter-claim about tournament goal trends"
"A stoppable force meets a movable object",reaction,"witty wordplay reaction"
"Babe wake up Belgium are still shit",reaction,"short punchy reaction"
"Remember when they were ranked number 1 in the world",reaction,"nostalgic sarcastic reaction"
"Wasted generation",hot_take,"bold verdict with no supporting argument"
"Tell me how many countries with just 10 million people ever managed to get 3rd at a World Cup in the last 80 years.",analysis,"rhetorical but uses specific verifiable context to defend Belgium"
"I hate these kind of stats because it is just disingenuous. Yeah it was an OG but that goal does not happen if not for Lukaku.",hot_take,"counter-claim challenging the stat framing"
"This is happening too frequently across the tournament to just be bad showings. I don't know if it is the breaks the heat the ball or a little bit of everything but defensive teams breaking saves records every match day is not normal.",analysis,"pattern-based argument across multiple matches"
"Did you all see that Belgian little kid in the crowd who was absolutely in tears and his mother was consoling him when it looked like Iran scored.",reaction,"emotional fan moment observation"
"It's really hard to break down a low block in club football least of all on the international level.",analysis,"tactical generalization supported by implicit reasoning"
"Alireza Beiranvand named Player of the Match in Belgium 0-0 Iran after making 7 saves with 1.69 xGOT prevented.",analysis,"official stat summary - verifiable numbers"
"That 0.66 xGOT save in the 59th minute is insane. De Cuyper basically had that goal and Beiranvand just said no. Stopping Belgium with De Bruyne in the squad is no small thing.",analysis,"specific xGOT stat used to argue quality of save"
"This guy is already a legend. Saved a penalty by Ronaldo in 2018 World Cup and gained notoriety for absurdly long and accurate throws.",analysis,"historical facts cited to support player legacy claim"
"Feels like a massive point for Iran",reaction,"short emotional reaction to result"
"Well deserved player of the match.",reaction,""
"My goat does it again like in 2018 when he saved CR7s penalty to get a 1-1 draw for Iran",reaction,"fan pride reaction with historical reference"
"Beiranvand is Farsi for YOU SHALL NOT PASS",reaction,"wordplay reaction"
"Not even half of the saves Room had by the way",hot_take,"comparative dismissal stated without full context"
"Egypt's 3-1 win over New Zealand is their first ever victory at a FIFA World Cup 92 years since their first match in 1934.",analysis,"core historical stat - verifiable record"
"Feels like a stat that shouldn't be real",reaction,"disbelief reaction"
"Especially with the fact that they are the most successful team in AFCONs history",analysis,"historical fact used to make the stat more surprising"
"The generation that won 3 consecutive AFCONs in the 2000s-2010s didn't reach the World Cup.",analysis,"specific historical context explaining the anomaly"
"Africa's World Cup qualifying used to be brutal. Only 5 spots for 54 nations. You could dominate the entire group for a year but stumble in the last matchup and get eliminated.",analysis,"structural argument about qualification difficulty with specific numbers"
"CAF qualifiers are brutal. In the 2010 qualifiers they tied points and GD with Algeria and lost a playoff final. In 2002 there was the famous group with Senegal Morocco Egypt and Algeria.",analysis,"specific historical qualifying results cited"
"Egypt are surely the favorites to win the group now",hot_take,"confident prediction without full scenario analysis"
"A draw would be good enough as long as Belgium don't beat NZL by more than two goals",analysis,"scenario-based qualification arithmetic"
"NZ first WC match loss since 1982 and they have never won a world cup match ever. Egypt deserved the win though.",analysis,"specific historical stat with match assessment"
"Also first time they have scored two goals in a World Cup match since their debut game against Hungary in 1934 when they lost 4-2.",analysis,"specific historical record with exact scoreline"
"Egypt top of the group as we all expected lol. This group is hilarious",reaction,"sarcastic reaction to unexpected group table"
"Salah finally got to make history for his country. One step away from the knockouts. I couldn't be more proud of him.",reaction,"emotional pride reaction"
"My earliest memory is my dad carrying me on his shoulders after we played Algeria in the qualifiers in 1990. Now I have gotten to witness Egypt win for the first time in the world's greatest footballing stage. I wish my dad was around to see it.",reaction,"deeply personal emotional reaction"
"Genuinely can't believe it we have finally done it",reaction,""
"What a second half by Egypt. That ref was something.",reaction,"match reaction with aside about referee"
"As a kid I spent so long dreaming of us making the world cup even as I watched us lift three AFCONs. To watch us draw with Belgium then beat New Zealand to go top heading into the final matchday feels so surreal.",reaction,"deeply personal fan reaction"
"We don't have any obligation or need to pass the ball to him. Cristiano is an example because of the hunger he shows every day as if it were his last session.",hot_take,"assertion about team dynamics without supporting context"
"I find these quotes pretty ridiculous. Half an hour into training Ronaldo and him were just joking around. Portuguese journalists can be really something with these kinds of questions. Foreign media pick up these comments just to farm clicks.",hot_take,"media criticism stated as confident opinion"
"ESPN gotta be the worst media handle ever literally changed the entire narrative of the interview.",hot_take,"bold media criticism without evidence"
"This isn't going to go down very well. He is a brave man but I pray for his GFs instagram DMs",reaction,"humorous anticipatory reaction"
"Ronaldo with his actions on the pitch seems to disagree. Just saying.",hot_take,"implied counter-claim with no supporting data"
"Makes sense why he didn't start last match",hot_take,"insinuation stated as causal fact without evidence"
"Brobbey and Gakpo will get the headlines but Dumfries quietly had a fantastic game. Three assists from right-back is ridiculous.",analysis,"specific assist stat used to highlight underrated performance"
"Sweden played well going forward despite the score line. But defensively lol",reaction,"brief match reaction with implied humor"
"Impressed by Brobbey hold up play. Granted its Sweden's defence but did well involving the midfielders and wingers.",analysis,"tactical observation about specific player's role"
"The Oranges making it to Semi-finals and losing there confirmed?",hot_take,"bold prediction based on historical pattern"
"This game just exposed the Swedish teams true skill level. In the friendly vs Norway before the WC they were horrible. Lost 3-1 could easily been 7-1.",hot_take,"bold claim using a friendly result as evidence"
"After the draw with Japan the Netherlands has made amends today a result that makes them a serious contender for the cup.",hot_take,"confident prediction about tournament prospects"
"We played well against Japan. It ended in a draw because of a tactical error by the manager as well as a superbly motivated Japanese team. Japan beat both Germany and Spain in 2022.",analysis,"specific tactical diagnosis with historical evidence"
"People are wondering why the Netherlands didn't look this intimidating against Japan. Japan sat back and their CF was tagging along De Jong the whole game with two second strikers ready to step in. Sweden instead decided to defend with 8 men leaving Gyokeres and Isak chilling above the halfway line.",analysis,"detailed tactical comparison explaining result difference"
"Sweden's tactical blueprint was fundamentally flawed from the start. They completely failed to stretch and cover the width of the pitch defensively in the opening 20 minutes with the first two Dutch goals being a direct result of that breakdown.",analysis,"specific tactical breakdown with causal link to goals"
"Throughout the match Gyokeres and Isak totally neglected to cut off the central passing lanes which made building from the back incredibly easy for Van Dijk and Van Hecke.",analysis,"specific pressing failure identified with named players"
"Most balanced beatdown I have ever seen. Sweden were simply outclassed on the defensive end. The Dutch were able to bypass the midfield on a quick pivot and leverage the skill gap between their own attackers and the Swedish fullbacks.",analysis,"structured tactical match assessment"
"I really don't understand Potter's tactics in this match. They defended really narrowly and put next to no pressure on the ball just allowing Holland to cross and come in from the flanks the whole time.",analysis,"specific tactical criticism of defensive setup"
"Terrible. Absolute shit. I knew our defense was bad but this is another level. Before match I thought NL would win with 1 or 2 goals but 5-1 is just too bad.",reaction,"emotional shock reaction from a Swedish fan"
"So fucking bad defense holy fuck. Actually EMBARRASSING.",reaction,"short emotional reaction"
"My country died for this...",reaction,"humorous despairing reaction from Polish fan"
"As a Finn a successful hate watch",reaction,"rival fan reaction"
"I hate when NL actually capitalizes for once only to be massively disappointed in the finals once more",reaction,"resigned fan reaction referencing historical pattern"
"Graham Potter is genuinely a horrid manager. One of the worst of recent times.",hot_take,"bold sweeping judgment with no evidence"
"As a Chelsea fan I can say Graham Potter is born to get humiliated on the biggest football stages.",hot_take,"hyperbolic opinion from a biased perspective"
"Gravenberch and Frenkie have both been class. Reijnders has been a bit disappointing. If I were Koeman I would consider Koopmeiners over him.",analysis,"player-by-player assessment with specific substitution recommendation"
"Frenkie and Grav have been excellent. We just need Reijnders to find some form now.",analysis,"specific per-player performance assessment"
"It will probably go a bit under the radar but this was an absolutely MONSTER performance from Gravenberch. Sparked tons of attacks and completely suffocated their entire midfield.",analysis,"specific player performance assessment with tactical detail"
"Gakpo scored 3 goals in WC 2022 and another 3 in 2024 Euros. He always shows up for the national team in tournaments.",analysis,"historical stats cited to defend player's tournament record"
"The keeper is not even top 5 in his position in the Swedish league and then you have two Championship starting keepers on the bench.",analysis,"specific hierarchy claim about goalkeeper quality"
"37 years old and plays in Allsvenskan. Meanwhile we have two championship keepers on the bench and one Serie A keeper not even called up.",analysis,"specific facts used to criticize goalkeeper selection"
"Hot take but Netherlands beats both Morocco and Brazil IMO",hot_take,"explicit self-labeled hot take"
"Get ready for another Netherlands appearance in Semi-finals and Final. They will still not win it.",hot_take,"bold tournament prediction based on historical pattern"
"The Dutch can make a deep run this year semi-final might be too conservative even. They have all the right pieces.",hot_take,"bold prediction without tactical evidence"
"Sweden 5x Tunisia. Netherlands 5x Sweden. Japan equals Netherlands. By the transitive property Japan will beat Tunisia 25-1.",reaction,"humorous mathematical joke reaction"
"Live by the 5-1 die by the 5-1",reaction,"witty one-liner reaction about Sweden's GD"
"Resetting your plus 4 GD in the 2nd match is almost impressive lmao",reaction,"amused reaction to statistical irony"
"Sweden with a 0 GD",reaction,"short punchy reaction to the statistical turnaround"
"Gakpo turns into an animal whenever he sees a hint of oranje",hot_take,"bold characterization of player with no evidence"
"He is just an amazing player at any level below the PL",hot_take,"dismissive claim about player's quality at top level"
"Summerville was brilliant today. Doing his best to escape the Championship.",reaction,"positive player reaction with humorous aside"
"That Dutch midfield is insane when it's in form and they were on it today. Gravenberch and de Jong are so smooth on the ball. They were impossible to press today.",reaction,"enthusiastic match reaction with tactical observation"
"Sweden need to learn to not have 40 meters between the back line and the midfield if they are playing a 3-5-2.",analysis,"specific tactical diagnosis with formation reference"
"Fun fact: Last time Netherlands played a team from UEFA in World Cup they also won 5-1 which was against Spain in 2014.",analysis,"specific historical fact used as comparison"
"5-1 1-5 perfectly balanced as all things should be",reaction,"witty Thanos reference reaction"
"As a Swede we got fucked",reaction,"blunt fan reaction"
In the Netherlands he is highly respected but also meme material. He announced his retirement several times and every time he accepts a new job. He cant stop and managing Curaçao was one of the weirdest ones. Look at him now making history in several ways at once. He is a legend.,reaction,fan appreciation reaction with historical context
This is the second world cup in the USA that he is coaching. He was already there 32 years ago.,analysis,specific historical fact used to highlight significance
And the current Dutch coach was one of his players.,analysis,specific historical connection cited
He also stepped down in February to care for his daughter who received positive chemotherapy results by the end of March. He came back to coach the team for the World Cup and managed to get this result.,reaction,deeply emotional contextual reaction
Curaçao players crying tears of joy and fans back home celebrating for winning a point at the World Cup is why I love the World Cup so much. You don't have to win the whole thing to achieve a historic result your whole nation is proud of.,reaction,emotional reflection on meaning of the moment
Watching these videos has humbled me as an Ecuadorian. Reminding me just how meaningful even a point is in the World Cup.,reaction,personal emotional reaction from opposing fan
Top 5 best moment of the world cup,hot_take,bold superlative claim
Curaçao is a beautiful nation welcomed us with open arms. They were so happy to be going to the World Cup. I am so happy for those lovely people to get the joy of not only scoring in the first game but now to get a point.,reaction,warm personal fan reaction
Dick Advocaat has managed Netherlands UAE South Korea Belgium Russia Serbia Iraq and Curacao. Can't wait for Liechtenstein 2028 or Estonia 2029.,reaction,humorous reaction listing his career
He was at AZ twice too,analysis,factual correction with specific detail
2010 you're leaving out that he actually went to manage Belgium for 5 games before quitting to go to Russia instead.,analysis,specific factual addition to career timeline
I have to say they are winning me over with this expanded World Cup. I think they have managed to do something good for both their wallets and the game.,hot_take,opinion on the 48-team format stated without evidence
I just love the game so much he can't stop,reaction,simple emotional reaction
He looks great for 78 damn.,reaction,simple admiring reaction
The man must just love football,reaction,
I believe his only repeat stints are with the Netherlands three times and technically Curacao and also AZ and PSV.,analysis,factual career breakdown
Have there ever been any others that have coached in two separate world cups in the same country?,analysis,research question implying historical rarity
Nope. The closest is probably Mario Zagallo who managed Brazil in 1970 1974 1994 and 1998 World Cups but no repeat country in there.,analysis,specific historical comparison with named precedents
